-- ----------------------------
-- Records of mp_drug
-- ----------------------------
INSERT INTO `mp_drug` (`id`, `name`, `produced_date`, `expire_date`, `description`, `reminders`,
                       `indication`, `contraindication`, `user_id`, `group_id`)
VALUES (2, '测试奥硝唑片postman', '2020-02-12', '2020-02-19', 'hello', NULL,
        '{\"content\":\"1.治疗原虫感染-毛滴虫感染（泌尿生殖感染）阿米巴原虫感染（肠、肝阿米巴虫病、阿米巴痢疾、阿米巴脓肿），贾第鞭毛虫病；2.治疗厌氧菌感染（如败血症脑膜炎、腹膜炎、手术后伤口感染、产后脓毒病、脓毒性流产、子宫内膜炎以及敏感菌引起的其它感染），预防各种手术后厌氧菌感染\"}',
        '{\"content\":\"对硝基咪唑类药物过敏的患者对此药也过敏，禁用于对此药过敏的患者；也禁用于脑和脊髓发生病原菌变的患者，羊癫疯及各种器官硬化症患者。\"}', 12, 0),
       (3, '测试奥硝唑片postman', '2020-02-12', '2020-02-19', 'hello', NULL,
        '{\"content\":\"1.治疗原虫感染-毛滴虫感染（泌尿生殖感染）阿米巴原虫感染（肠、肝阿米巴虫病、阿米巴痢疾、阿米巴脓肿），贾第鞭毛虫病；2.治疗厌氧菌感染（如败血症脑膜炎、腹膜炎、手术后伤口感染、产后脓毒病、脓毒性流产、子宫内膜炎以及敏感菌引起的其它感染），预防各种手术后厌氧菌感染\"}',
        '{\"content\":\"对硝基咪唑类药物过敏的患者对此药也过敏，禁用于对此药过敏的患者；也禁用于脑和脊髓发生病原菌变的患者，羊癫疯及各种器官硬化症患者。\"}', 14, 3),
       (4, '测试奥硝唑片postman', '2020-02-12', '2020-02-19', 'hello', NULL,
        '{\"content\":\"1.治疗原虫感染-毛滴虫感染（泌尿生殖感染）阿米巴原虫感染（肠、肝阿米巴虫病、阿米巴痢疾、阿米巴脓肿），贾第鞭毛虫病；2.治疗厌氧菌感染（如败血症脑膜炎、腹膜炎、手术后伤口感染、产后脓毒病、脓毒性流产、子宫内膜炎以及敏感菌引起的其它感染），预防各种手术后厌氧菌感染\"}',
        '{\"content\":\"对硝基咪唑类药物过敏的患者对此药也过敏，禁用于对此药过敏的患者；也禁用于脑和脊髓发生病原菌变的患者，羊癫疯及各种器官硬化症患者。\"}', 14, 3),
       (100, '奥硝唑片postman2', '2020-02-12', '2020-02-19', 'hello', NULL,
        '{\"content\":\"1.治疗原虫感染-毛滴虫感染（泌尿生殖感染）阿米巴原虫感染（肠、肝阿米巴虫病、阿米巴痢疾、阿米巴脓肿），贾第鞭毛虫病；2.治疗厌氧菌感染（如败血症脑膜炎、腹膜炎、手术后伤口感染、产后脓毒病、脓毒性流产、子宫内膜炎以及敏感菌引起的其它感染），预防各种手术后厌氧菌感染。\"}',
        '{\"content\":\"对硝基咪唑类药物过敏的患者对此药也过敏，禁用于对此药过敏的患者；也禁用于脑和脊髓发生病原菌变的患者，羊癫疯及各种器官硬化症患者。\"}', 14, 2),
       (119, '奥硝唑片', '2019-02-18', '2020-09-01', NULL, NULL,
        '{\"content\":\"1.治疗原虫感染-毛滴虫感染（泌尿生殖感染）阿米巴原虫感染（肠、肝阿米巴虫病、阿米巴痢疾、阿米巴脓肿），贾第鞭毛虫病；2.治疗厌氧菌感染（如败血症脑膜炎、腹膜炎、手术后伤口感染、产后脓毒病、脓毒性流产、子宫内膜炎以及敏感菌引起的其它感染），预防各种手术后厌氧菌感染。nkk\"}',
        '{\"content\":\"对硝基咪唑类药物过敏的患者对此药也过敏，禁用于对此药过敏的患者；也禁用于脑和脊髓发生病原菌变的患者，羊癫疯及各种器官硬化症患者。npp\"}', 12, 1);

-- ----------------------------
-- Records of mp_drug_tag
-- ----------------------------
INSERT INTO `mp_drug_tag` (`drug_id`, `tag_id`)
VALUES (100, 1000);

-- ----------------------------
-- Records of mp_group
-- ----------------------------
INSERT INTO `mp_group` (`id`, `name`, `create_at`, `create_by`, `can_delete`)
VALUES (1, '测试群组1', '2020-02-21 19:02:14', 12, false),
       (2, '测试群组2', '2020-02-21 19:10:30', 12, false),
       (3, '我的药箱', '2020-02-21 19:10:30', 14, true),
       (4, '测试群组1', '2020-02-21 19:10:30', 14, true),
       (5, '测试群组2', '2020-02-21 19:10:30', 14, true);

-- ----------------------------
-- Records of mp_tag
-- ----------------------------
INSERT INTO `mp_tag` (`id`, `name`, `user_id`)
VALUES (101, '头疼', 10086),
       (1000, 'shenmiu_delete_drugs', 14),
       (1001, 'shenmiu_delete_drugs', 14),
       (1002, '测试标签 1', 12),
       (1003, '测试标签 2', 12),
       (1004, '测试标签 3', 12),
       (1005, '测试标签 4', 12);

-- ----------------------------
-- Records of mp_user
-- ----------------------------
INSERT INTO `mp_user` (`id`, `open_id`, `created_at`)
VALUES (12, 'o9ik85FW6IYCSR1mXObaTdcb3yCU', '2020-02-18 13:54:29'),
       (14, 'o9ik85GiMt9_DDlc5lPNWbmnBAls', '2020-02-19 16:50:28');

-- ----------------------------
-- Records of mp_user_group
-- ----------------------------
BEGIN;
INSERT INTO `mp_user_group`
VALUES (12, 1, '办公室'),
       (12, 2, '老家'),
       (14, 3, '我的药箱'),
       (14, 4, '测试群组 1'),
       (14, 5, '测试群组 2');
COMMIT;

-- ----------------------------
-- Records of mp_warehouse
-- ----------------------------
BEGIN;
INSERT INTO `mp_warehouse` (`name`, `ingredient`, `character`, `function`, `specification`, `usage`, `adverse_effect`, `contraindication`, `warning`, `storage`, `indate`) VALUES ("安多霖胶囊", "略", "本品为胶囊剂，内容物为棕黄色或绿褐色粉末，气微腥，味微苦。", "益气补血，扶正解毒。主治气血两虚证，适用于放、化疗引起的白细胞下降、免疫功能低下、食欲不振、神疲乏力头晕气短等症。对肿瘤放射治疗中因辐射损伤造成的淋巴细胞微核率增高等有改善作用，可用于辐射损伤。", "每粒装0.32g", "口服，一次4粒，一日3次", "尚不明确", "尚不明确", "尚不明确", "密封，置干燥处", "36个月");
INSERT INTO `mp_warehouse` (`name`, `ingredient`, `character`, `function`, `specification`, `usage`, `contraindication`, `warning`, `interaction`) VALUES ("安坤颗粒", "牡丹皮、栀子、当归、白术、白芍、茯苓、女贞子、墨旱莲、益母草。", "本品为黄棕色或棕色的颗粒；味甜、微苦。", "滋阴清热，健脾养血。用于月经提前、量多，腰骶酸痛，下腹坠痛，心烦易怒，手足心热。", "每袋装10克", "开水冲服，一次10克，一日2次。", "孕妇禁用；糖尿病患者禁服。", "1.忌食辛辣食物。2.感冒时不宜服用。患有其他疾病者，应在医师指导下服用。3.月经量过多者应去医院就诊。4.月经量多服药5天出血不减少，应去医院就诊。5.对本品过敏者禁用，过敏体质者慎用。6.本品性状发生改变时禁止使用。7.请将本品放在儿童不能接触的地方。8.如正在使用其他药品，使用本品前请咨询医师或药师。", "如与其他药物同时使用可能会发生药物相互作用，详情请咨询医师或药师。");
INSERT INTO `mp_warehouse` (`name`, `ingredient`, `character`, `function`, `usage`, `storage`) VALUES ("安脑片", "牛黄、猪胆汁粉、朱砂、冰片、水牛角浓缩粉、珍珠、黄芩、黄连、栀子、雄黄、郁金、石膏、赭石、珍珠母、薄荷脑、", "本品为糖衣片，除去糖衣后，呈棕黄色；味苦，气辛凉。", "清热解毒，豁痰开窍，镇惊熄风。用于高热神昏、烦燥谓语、抽搐痉厥、中风窍闭，头痛眩晕。亦用于高血压及一切急性炎症伴有的高热不退，神志昏迷等。", "口服，一次4片，一日2～3次，或遵医嘱，小儿酌减。", "密封。");
INSERT INTO `mp_warehouse` (`name`, `ingredient`, `character`, `function`, `specification`, `usage`, `contraindication`, `warning`, `interaction`, `indate`) VALUES ("安神补脑片", "鹿茸、制何首乌、淫羊藿、干姜、甘草、大枣、维生素B、1。辅料为淀粉。", "本品为薄膜衣片，除去包衣后显黄褐色；味甘、辛、微苦。", "补肾健脑。用于肾虚所致的失眠，健忘，头晕；神经衰弱见上述证候者。", "薄膜衣每片重0.11克", "口服，一次1片或3片（小片），一日2次。", "儿童、孕妇禁用。", "1.忌烟、酒及辛辣、油腻食物。2.服药期间要保持情绪乐观，切忌生气恼怒。3.感冒发热病人不宜服用。4.有高血压、心脏病、肝病、糖尿病、肾病等慢性病严重者应在医师指导下服用。5.儿童、孕妇、哺乳期妇女、年老体弱者应在医师指导下服用。6.服药7天症状无缓解，应去医院就诊。7.对本品过敏者禁用，过敏体质者慎用。8.本品性状发生改变时禁止使用。9.儿童必须在成人监护下使用。10.请将本品放在儿童不能接触的地方。11.如正在使用其他药品，使用本品前请咨询医师或药师。", "如与其他药物同时使用可能会发生药物相互作用，详情请咨询医师或药师。", "24个月");
COMMIT;